institution,quarter,quarter_avg_quit_probability
(사)남북교류협력지원협회,2024Q1,0.3743
(사)남북교류협력지원협회,2024Q2,0.3086
(사)남북교류협력지원협회,2024Q3,0.3656
(사)남북교류협력지원협회,2024Q4,0.4014
(재)예술경영지원센터,2024Q1,0.33
(재)예술경영지원센터,2024Q2,0.33
(재)예술경영지원센터,2024Q3,0.316
(재)예술경영지원센터,2024Q4,0.275
(재)우체국금융개발원,2024Q1,0.435
(재)우체국금융개발원,2024Q2,0.45
(재)우체국금융개발원,2024Q3,0.555
(재)우체국금융개발원,2024Q4,0.4825
(재)우체국물류지원단,2024Q1,0.322
(재)우체국물류지원단,2024Q2,0.3433
(재)우체국물류지원단,2024Q3,0.3317
(재)우체국물류지원단,2024Q4,0.3086
(재)우체국시설관리단,2024Q1,0.3376
(재)우체국시설관리단,2024Q2,0.3094
(재)우체국시설관리단,2024Q3,0.3463
(재)우체국시설관리단,2024Q4,0.4025
(재)일제강제동원피해자지원재단,2024Q1,0.37
(재)일제강제동원피해자지원재단,2024Q2,0.5029
(재)일제강제동원피해자지원재단,2024Q3,0.3183
(재)일제강제동원피해자지원재단,2024Q4,0.31
(재)축산환경관리원,2024Q1,0.54
(재)축산환경관리원,2024Q2,0.4144
(재)축산환경관리원,2024Q3,0.4433
(재)축산환경관리원,2024Q4,0.4911
(재)한국보건의료정보원,2024Q1,0.2667
(재)한국보건의료정보원,2024Q2,0.295
(재)한국보건의료정보원,2024Q3,0.3357
(재)한국보건의료정보원,2024Q4,0.3014
(재)한국우편사업진흥원,2024Q1,0.3583
(재)한국우편사업진흥원,2024Q2,0.286
(재)한국우편사업진흥원,2024Q3,0.2575
(재)한국우편사업진흥원,2024Q4,0.3425
(재)한국통계정보원,2024Q1,0.3875
(재)한국통계정보원,2024Q2,0.3
(재)한국통계정보원,2024Q3,0.415
(재)한국통계정보원,2024Q4,0.3871
(주)강원랜드,2024Q1,0.3079
(주)강원랜드,2024Q2,0.3424
(주)강원랜드,2024Q3,0.2985
(주)강원랜드,2024Q4,0.3092
(주)공영홈쇼핑,2024Q1,0.3862
(주)공영홈쇼핑,2024Q2,0.3775
(주)공영홈쇼핑,2024Q3,0.3627
(주)공영홈쇼핑,2024Q4,0.2967
(주)한국가스기술공사,2024Q1,0.3268
(주)한국가스기술공사,2024Q2,0.3706
(주)한국가스기술공사,2024Q3,0.3011
(주)한국가스기술공사,2024Q4,0.3358
88관광개발(주),2024Q1,0.4433
88관광개발(주),2024Q2,0.4825
88관광개발(주),2024Q3,0.3917
88관광개발(주),2024Q4,0.3925
KDI국제정책대학원,2024Q1,0.3083
KDI국제정책대학원,2024Q2,0.244
KDI국제정책대학원,2024Q3,0.3629
KDI국제정책대학원,2024Q4,0.3042
가축위생방역지원본부,2024Q1,0.4036
가축위생방역지원본부,2024Q2,0.28
가축위생방역지원본부,2024Q3,0.376
가축위생방역지원본부,2024Q4,0.3512
강릉원주대학교치과병원,2024Q1,0.315
강릉원주대학교치과병원,2024Q2,0.308
강릉원주대학교치과병원,2024Q3,0.3478
강릉원주대학교치과병원,2024Q4,0.355
강원대학교병원,2024Q1,0.3045
강원대학교병원,2024Q2,0.38
강원대학교병원,2024Q3,0.3331
강원대학교병원,2024Q4,0.3625
건강보험심사평가원,2024Q1,0.3012
건강보험심사평가원,2024Q2,0.3438
건강보험심사평가원,2024Q3,0.3384
건강보험심사평가원,2024Q4,0.2759
건설근로자공제회,2024Q1,0.4973
건설근로자공제회,2024Q2,0.488
건설근로자공제회,2024Q3,0.5225
건설근로자공제회,2024Q4,0.502
건축공간연구원,2024Q1,0.39
건축공간연구원,2024Q2,0.3275
건축공간연구원,2024Q3,0.344
건축공간연구원,2024Q4,0.31
게임물관리위원회,2024Q1,0.5586
게임물관리위원회,2024Q2,0.4815
게임물관리위원회,2024Q3,0.448
게임물관리위원회,2024Q4,0.48
경북대학교병원,2024Q1,0.333
경북대학교병원,2024Q2,0.3536
경북대학교병원,2024Q3,0.3516
경북대학교병원,2024Q4,0.3345
경북대학교치과병원,2024Q1,0.41
경북대학교치과병원,2024Q2,0.4833
경북대학교치과병원,2024Q3,0.435
경북대학교치과병원,2024Q4,0.4475
경상국립대학교병원,2024Q1,0.4284
경상국립대학교병원,2024Q2,0.4556
경상국립대학교병원,2024Q3,0.4374
경상국립대학교병원,2024Q4,0.443
경제인문사회연구회,2024Q1,0.3467
경제인문사회연구회,2024Q2,0.34
경제인문사회연구회,2024Q3,0.3243
경제인문사회연구회,2024Q4,0.3454
공간정보품질관리원,2024Q1,0.285
공간정보품질관리원,2024Q2,0.3
공간정보품질관리원,2024Q3,0.34
공간정보품질관리원,2024Q4,0.3922
공무원연금공단,2024Q1,0.3671
공무원연금공단,2024Q2,0.3329
공무원연금공단,2024Q3,0.38
공무원연금공단,2024Q4,0.2475
과학기술사업화진흥원,2024Q1,0.3645
과학기술사업화진흥원,2024Q2,0.3971
과학기술사업화진흥원,2024Q3,0.398
과학기술사업화진흥원,2024Q4,0.4114
과학기술정책연구원,2024Q1,0.373
과학기술정책연구원,2024Q2,0.2817
과학기술정책연구원,2024Q3,0.3475
과학기술정책연구원,2024Q4,0.285
국가과학기술인력개발원,2024Q1,0.3583
국가과학기술인력개발원,2024Q2,0.385
국가과학기술인력개발원,2024Q3,0.3562
국가과학기술인력개발원,2024Q4,0.3888
국가생명윤리정책원,2024Q1,0.28
국가생명윤리정책원,2024Q2,0.3445
국가생명윤리정책원,2024Q3,0.375
국가생명윤리정책원,2024Q4,0.37
국가수리과학연구소,2024Q1,0.39
국가수리과학연구소,2024Q2,0.3678
국가수리과학연구소,2024Q3,0.442
국가수리과학연구소,2024Q4,0.422
국가유산진흥원,2024Q1,0.403
국가유산진흥원,2024Q2,0.372
국가유산진흥원,2024Q3,0.3686
국가유산진흥원,2024Q4,0.3087
국가철도공단,2024Q1,0.4288
국가철도공단,2024Q2,0.473
국가철도공단,2024Q3,0.4788
국가철도공단,2024Q4,0.4782
국가평생교육진흥원,2024Q1,0.441
국가평생교육진흥원,2024Q2,0.4367
국가평생교육진흥원,2024Q3,0.41
국가평생교육진흥원,2024Q4,0.483
국립공원공단,2024Q1,0.3324
국립공원공단,2024Q2,0.3671
국립공원공단,2024Q3,0.3276
국립공원공단,2024Q4,0.3053
국립광주과학관,2024Q1,0.42
국립광주과학관,2024Q2,0.4511
국립광주과학관,2024Q3,0.4743
국립광주과학관,2024Q4,0.4243
국립낙동강생물자원관,2024Q1,0.3829
국립낙동강생물자원관,2024Q2,0.3278
국립낙동강생물자원관,2024Q3,0.3033
국립낙동강생물자원관,2024Q4,0.4227
국립대구과학관,2024Q1,0.2967
국립대구과학관,2024Q2,0.2744
국립대구과학관,2024Q3,0.323
국립대구과학관,2024Q4,0.396
국립박물관문화재단,2024Q1,0.3233
국립박물관문화재단,2024Q2,0.339
국립박물관문화재단,2024Q3,0.3914
국립박물관문화재단,2024Q4,0.2657
국립부산과학관,2024Q1,0.33
국립부산과학관,2024Q2,0.3286
국립부산과학관,2024Q3,0.3333
국립부산과학관,2024Q4,0.295
국립생태원,2024Q1,0.3038
국립생태원,2024Q2,0.27
국립생태원,2024Q3,0.3107
국립생태원,2024Q4,0.365
국립아시아문화전당재단,2024Q1,0.3533
국립아시아문화전당재단,2024Q2,0.328
국립아시아문화전당재단,2024Q3,0.3525
국립아시아문화전당재단,2024Q4,0.3664
국립암센터,2024Q1,0.4232
국립암센터,2024Q2,0.4247
국립암센터,2024Q3,0.4281
국립암센터,2024Q4,0.4225
국립울진해양과학관,2024Q1,0.3962
국립울진해양과학관,2024Q2,0.34
국립울진해양과학관,2024Q3,0.302
국립울진해양과학관,2024Q4,0.3843
국립중앙의료원,2024Q1,0.41
국립중앙의료원,2024Q2,0.3087
국립중앙의료원,2024Q3,0.3253
국립중앙의료원,2024Q4,0.3186
국립항공박물관,2024Q1,0.47
국립항공박물관,2024Q2,0.3957
국립항공박물관,2024Q3,0.4722
국립항공박물관,2024Q4,0.4911
국립해양박물관,2024Q1,0.3886
국립해양박물관,2024Q2,0.4188
국립해양박물관,2024Q3,0.53
국립해양박물관,2024Q4,0.448
국립해양생물자원관,2024Q1,0.4975
국립해양생물자원관,2024Q2,0.4283
국립해양생물자원관,2024Q3,0.4112
국립해양생물자원관,2024Q4,0.48
국립호남권생물자원관,2024Q1,0.4489
국립호남권생물자원관,2024Q2,0.5925
국립호남권생물자원관,2024Q3,0.4443
국립호남권생물자원관,2024Q4,0.461
국민건강보험공단,2024Q1,0.4519
국민건강보험공단,2024Q2,0.4535
국민건강보험공단,2024Q3,0.453
국민건강보험공단,2024Q4,0.449
국민건강보험공단 일산병원,2024Q1,0.4744
국민건강보험공단 일산병원,2024Q2,0.4305
국민건강보험공단 일산병원,2024Q3,0.4462
국민건강보험공단 일산병원,2024Q4,0.4283
국민연금공단,2024Q1,0.3251
국민연금공단,2024Q2,0.3095
국민연금공단,2024Q3,0.3576
국민연금공단,2024Q4,0.3331
국방과학연구소,2024Q1,0.4746
국방과학연구소,2024Q2,0.4895
국방과학연구소,2024Q3,0.4919
국방과학연구소,2024Q4,0.4491
국방기술진흥연구소,2024Q1,0.255
국방기술진흥연구소,2024Q2,0.3633
국방기술진흥연구소,2024Q3,0.334
국방기술진흥연구소,2024Q4,0.2617
국방기술품질원,2024Q1,0.4233
국방기술품질원,2024Q2,0.3988
국방기술품질원,2024Q3,0.3533
국방기술품질원,2024Q4,0.2971
국방전직교육원,2024Q1,0.382
국방전직교육원,2024Q2,0.3044
국방전직교육원,2024Q3,0.3156
국방전직교육원,2024Q4,0.3
국악방송,2024Q1,0.2729
국악방송,2024Q2,0.2936
국악방송,2024Q3,0.41
국악방송,2024Q4,0.3267
국제방송교류재단,2024Q1,0.3157
국제방송교류재단,2024Q2,0.3567
국제방송교류재단,2024Q3,0.3775
국제방송교류재단,2024Q4,0.3746
국제식물검역인증원,2024Q1,0.3275
국제식물검역인증원,2024Q2,0.3475
국제식물검역인증원,2024Q3,0.3586
국제식물검역인증원,2024Q4,0.3014
국토교통과학기술진흥원,2024Q1,0.3242
국토교통과학기술진흥원,2024Q2,0.3625
국토교통과학기술진흥원,2024Q3,0.288
국토교통과학기술진흥원,2024Q4,0.428
국토안전관리원,2024Q1,0.37
국토안전관리원,2024Q2,0.4475
국토안전관리원,2024Q3,0.4778
국토안전관리원,2024Q4,0.385
국토연구원,2024Q1,0.3762
국토연구원,2024Q2,0.3386
국토연구원,2024Q3,0.3371
국토연구원,2024Q4,0.3075
그랜드코리아레저(주),2024Q1,0.3329
그랜드코리아레저(주),2024Q2,0.2908
그랜드코리아레저(주),2024Q3,0.3747
그랜드코리아레저(주),2024Q4,0.3329
극지연구소,2024Q1,0.2875
극지연구소,2024Q2,0.3578
극지연구소,2024Q3,0.365
극지연구소,2024Q4,0.3055
근로복지공단,2024Q1,0.3295
근로복지공단,2024Q2,0.3265
근로복지공단,2024Q3,0.3494
근로복지공단,2024Q4,0.327
기술보증기금,2024Q1,0.3583
기술보증기금,2024Q2,0.3729
기술보증기금,2024Q3,0.3657
기술보증기금,2024Q4,0.3369
기초과학연구원,2024Q1,0.3417
기초과학연구원,2024Q2,0.3033
기초과학연구원,2024Q3,0.4212
기초과학연구원,2024Q4,0.1957
노사발전재단,2024Q1,0.2818
노사발전재단,2024Q2,0.3525
노사발전재단,2024Q3,0.4175
노사발전재단,2024Q4,0.3143
농림수산식품교육문화정보원,2024Q1,0.2867
농림수산식품교육문화정보원,2024Q2,0.2733
농림수산식품교육문화정보원,2024Q3,0.4483
농림수산식품교육문화정보원,2024Q4,0.39
농림식품기술기획평가원,2024Q1,0.252
농림식품기술기획평가원,2024Q2,0.331
농림식품기술기획평가원,2024Q3,0.37
농림식품기술기획평가원,2024Q4,0.404
농업정책보험금융원,2024Q1,0.3233
농업정책보험금융원,2024Q2,0.2867
농업정책보험금융원,2024Q3,0.4243
농업정책보험금융원,2024Q4,0.32
대구경북첨단의료산업진흥재단,2024Q1,0.382
대구경북첨단의료산업진흥재단,2024Q2,0.445
대구경북첨단의료산업진흥재단,2024Q3,0.3983
대구경북첨단의료산업진흥재단,2024Q4,0.4725
대외경제정책연구원,2024Q1,0.4108
대외경제정책연구원,2024Q2,0.6
대외경제정책연구원,2024Q3,0.485
대외경제정책연구원,2024Q4,0.4712
대한무역투자진흥공사,2024Q1,0.4314
대한무역투자진흥공사,2024Q2,0.2771
대한무역투자진흥공사,2024Q3,0.3407
대한무역투자진흥공사,2024Q4,0.345
대한법률구조공단,2024Q1,0.4238
대한법률구조공단,2024Q2,0.3243
대한법률구조공단,2024Q3,0.2525
대한법률구조공단,2024Q4,0.3445
대한석탄공사,2024Q1,0.3467
대한석탄공사,2024Q2,0.346
대한석탄공사,2024Q3,0.3644
대한석탄공사,2024Q4,0.258
대한장애인체육회,2024Q1,0.5375
대한장애인체육회,2024Q2,0.4012
대한장애인체육회,2024Q3,0.3333
대한장애인체육회,2024Q4,0.3422
대한적십자사,2024Q1,0.3321
대한적십자사,2024Q2,0.3452
대한적십자사,2024Q3,0.3359
대한적십자사,2024Q4,0.3134
대한체육회,2024Q1,0.3175
대한체육회,2024Q2,0.368
대한체육회,2024Q3,0.292
대한체육회,2024Q4,0.5014
독립기념관,2024Q1,0.4722
독립기념관,2024Q2,0.4314
독립기념관,2024Q3,0.4071
독립기념관,2024Q4,0.4486
동남권원자력의학원,2024Q1,0.3167
동남권원자력의학원,2024Q2,0.31
동남권원자력의학원,2024Q3,0.315
동남권원자력의학원,2024Q4,0.3767
동북아역사재단,2024Q1,0.338
동북아역사재단,2024Q2,0.2844
동북아역사재단,2024Q3,0.314
동북아역사재단,2024Q4,0.245
무역안보관리원,2024Q1,0.4833
무역안보관리원,2024Q2,0.5518
무역안보관리원,2024Q3,0.5317
무역안보관리원,2024Q4,0.456
민주화운동기념사업회,2024Q1,0.3167
민주화운동기념사업회,2024Q2,0.3757
민주화운동기념사업회,2024Q3,0.3925
민주화운동기념사업회,2024Q4,0.326
부산대학교병원,2024Q1,0.3233
부산대학교병원,2024Q2,0.3609
부산대학교병원,2024Q3,0.3598
부산대학교병원,2024Q4,0.3406
부산대학교치과병원,2024Q1,0.312
부산대학교치과병원,2024Q2,0.325
부산대학교치과병원,2024Q3,0.37
부산대학교치과병원,2024Q4,0.3464
부산항만공사,2024Q1,0.3486
부산항만공사,2024Q2,0.2744
부산항만공사,2024Q3,0.2686
부산항만공사,2024Q4,0.3629
북한이탈주민지원재단,2024Q1,0.339
북한이탈주민지원재단,2024Q2,0.3871
북한이탈주민지원재단,2024Q3,0.3212
북한이탈주민지원재단,2024Q4,0.336
분당서울대학교병원,2024Q1,0.4323
분당서울대학교병원,2024Q2,0.4502
분당서울대학교병원,2024Q3,0.4344
분당서울대학교병원,2024Q4,0.4516
사립학교교직원연금공단,2024Q1,0.357
사립학교교직원연금공단,2024Q2,0.3511
사립학교교직원연금공단,2024Q3,0.354
사립학교교직원연금공단,2024Q4,0.325
산업연구원,2024Q1,0.3971
산업연구원,2024Q2,0.3544
산업연구원,2024Q3,0.263
산업연구원,2024Q4,0.2875
새만금개발공사,2024Q1,0.3214
새만금개발공사,2024Q2,0.2443
새만금개발공사,2024Q3,0.2629
새만금개발공사,2024Q4,0.3722
서민금융진흥원,2024Q1,0.374
서민금융진흥원,2024Q2,0.36
서민금융진흥원,2024Q3,0.3592
서민금융진흥원,2024Q4,0.302
서울대학교병원,2024Q1,0.3204
서울대학교병원,2024Q2,0.3176
서울대학교병원,2024Q3,0.3357
서울대학교병원,2024Q4,0.3532
서울대학교치과병원,2024Q1,0.3983
서울대학교치과병원,2024Q2,0.3213
서울대학교치과병원,2024Q3,0.3273
서울대학교치과병원,2024Q4,0.296
서울올림픽기념국민체육진흥공단,2024Q1,0.3409
서울올림픽기념국민체육진흥공단,2024Q2,0.3325
서울올림픽기념국민체육진흥공단,2024Q3,0.3514
서울올림픽기념국민체육진흥공단,2024Q4,0.3145
서울요양원,2024Q1,0.444
서울요양원,2024Q2,0.4564
서울요양원,2024Q3,0.55
서울요양원,2024Q4,0.465
선박해양플랜트연구소,2024Q1,0.318
선박해양플랜트연구소,2024Q2,0.33
선박해양플랜트연구소,2024Q3,0.429
선박해양플랜트연구소,2024Q4,0.322
세종학당재단,2024Q1,0.3171
세종학당재단,2024Q2,0.381
세종학당재단,2024Q3,0.272
세종학당재단,2024Q4,0.2938
소상공인시장진흥공단,2024Q1,0.416
소상공인시장진흥공단,2024Q2,0.3033
소상공인시장진흥공단,2024Q3,0.3767
소상공인시장진흥공단,2024Q4,0.3871
소프트웨어정책연구소,2024Q1,0.2933
소프트웨어정책연구소,2024Q2,0.37
소프트웨어정책연구소,2024Q3,0.3
소프트웨어정책연구소,2024Q4,0.302
수도권매립지관리공사,2024Q1,0.3356
수도권매립지관리공사,2024Q2,0.2643
수도권매립지관리공사,2024Q3,0.3738
수도권매립지관리공사,2024Q4,0.41
스포츠윤리센터,2024Q1,0.4658
스포츠윤리센터,2024Q2,0.53
스포츠윤리센터,2024Q3,0.4178
스포츠윤리센터,2024Q4,0.42
시청자미디어재단,2024Q1,0.2817
시청자미디어재단,2024Q2,0.29
시청자미디어재단,2024Q3,0.367
시청자미디어재단,2024Q4,0.35
식품안전정보원,2024Q1,0.31
식품안전정보원,2024Q2,0.3771
식품안전정보원,2024Q3,0.2922
식품안전정보원,2024Q4,0.3344
신용보증기금,2024Q1,0.4812
신용보증기금,2024Q2,0.4455
신용보증기금,2024Q3,0.5052
신용보증기금,2024Q4,0.4568
신용보증재단중앙회,2024Q1,0.324
신용보증재단중앙회,2024Q2,0.402
신용보증재단중앙회,2024Q3,0.378
신용보증재단중앙회,2024Q4,0.263
아동권리보장원,2024Q1,0.31
아동권리보장원,2024Q2,0.442
아동권리보장원,2024Q3,0.4614
아동권리보장원,2024Q4,0.3313
아시아·태평양경제협력체 기후센터,2024Q1,0.4617
아시아·태평양경제협력체 기후센터,2024Q2,0.54
아시아·태평양경제협력체 기후센터,2024Q3,0.3988
아시아·태평양경제협력체 기후센터,2024Q4,0.4288
에너지경제연구원,2024Q1,0.3667
에너지경제연구원,2024Q2,0.305
에너지경제연구원,2024Q3,0.28
에너지경제연구원,2024Q4,0.3133
여수광양항만공사,2024Q1,0.308
여수광양항만공사,2024Q2,0.3233
여수광양항만공사,2024Q3,0.3933
여수광양항만공사,2024Q4,0.296
연구개발특구진흥재단,2024Q1,0.3271
연구개발특구진흥재단,2024Q2,0.38
연구개발특구진흥재단,2024Q3,0.335
연구개발특구진흥재단,2024Q4,0.315
영상물등급위원회,2024Q1,0.3713
영상물등급위원회,2024Q2,0.4162
영상물등급위원회,2024Q3,0.528
영상물등급위원회,2024Q4,0.4422
영화진흥위원회,2024Q1,0.3829
영화진흥위원회,2024Q2,0.2856
영화진흥위원회,2024Q3,0.2978
영화진흥위원회,2024Q4,0.366
예금보험공사,2024Q1,0.317
예금보험공사,2024Q2,0.4417
예금보험공사,2024Q3,0.29
예금보험공사,2024Q4,0.2657
예술의전당,2024Q1,0.3633
예술의전당,2024Q2,0.3188
예술의전당,2024Q3,0.31
예술의전당,2024Q4,0.3325
오송첨단의료산업진흥재단,2024Q1,0.305
오송첨단의료산업진흥재단,2024Q2,0.365
오송첨단의료산업진흥재단,2024Q3,0.3809
오송첨단의료산업진흥재단,2024Q4,0.3871
울산항만공사,2024Q1,0.3229
울산항만공사,2024Q2,0.3875
울산항만공사,2024Q3,0.4186
울산항만공사,2024Q4,0.3288
육아정책연구소,2024Q1,0.3188
육아정책연구소,2024Q2,0.3429
육아정책연구소,2024Q3,0.36
육아정책연구소,2024Q4,0.3238
의료기관평가인증원,2024Q1,0.425
의료기관평가인증원,2024Q2,0.48
의료기관평가인증원,2024Q3,0.4167
의료기관평가인증원,2024Q4,0.4425
인천국제공항공사,2024Q1,0.4615
인천국제공항공사,2024Q2,0.4165
인천국제공항공사,2024Q3,0.417
인천국제공항공사,2024Q4,0.4161
인천항만공사,2024Q1,0.262
인천항만공사,2024Q2,0.2982
인천항만공사,2024Q3,0.4275
인천항만공사,2024Q4,0.412
자동차손해배상진흥원,2024Q1,0.305
자동차손해배상진흥원,2024Q2,0.3556
자동차손해배상진흥원,2024Q3,0.3875
자동차손해배상진흥원,2024Q4,0.3485
재단법인 건설기술교육원,2024Q1,0.295
재단법인 건설기술교육원,2024Q2,0.36
재단법인 건설기술교육원,2024Q3,0.232
재단법인 건설기술교육원,2024Q4,0.294
재단법인 대한건설기계안전관리원,2024Q1,0.448
재단법인 대한건설기계안전관리원,2024Q2,0.5329
재단법인 대한건설기계안전관리원,2024Q3,0.35
재단법인 대한건설기계안전관리원,2024Q4,0.4633
재단법인 장애인기업종합지원센터,2024Q1,0.3811
재단법인 장애인기업종합지원센터,2024Q2,0.225
재단법인 장애인기업종합지원센터,2024Q3,0.3614
재단법인 장애인기업종합지원센터,2024Q4,0.395
재단법인 한국공공조직은행,2024Q1,0.3378
재단법인 한국공공조직은행,2024Q2,0.322
재단법인 한국공공조직은행,2024Q3,0.3638
재단법인 한국공공조직은행,2024Q4,0.2712
재단법인 한국에너지재단,2024Q1,0.3267
재단법인 한국에너지재단,2024Q2,0.4033
재단법인 한국에너지재단,2024Q3,0.3457
재단법인 한국에너지재단,2024Q4,0.295
재단법인 한국자활복지개발원,2024Q1,0.366
재단법인 한국자활복지개발원,2024Q2,0.336
재단법인 한국자활복지개발원,2024Q3,0.3327
재단법인 한국자활복지개발원,2024Q4,0.39
재단법인 한국장기조직기증원,2024Q1,0.3917
재단법인 한국장기조직기증원,2024Q2,0.2775
재단법인 한국장기조직기증원,2024Q3,0.3117
재단법인 한국장기조직기증원,2024Q4,0.3625
재외동포협력센터,2024Q1,0.322
재외동포협력센터,2024Q2,0.3067
재외동포협력센터,2024Q3,0.3742
재외동포협력센터,2024Q4,0.32
전남대학교병원,2024Q1,0.31
전남대학교병원,2024Q2,0.3283
전남대학교병원,2024Q3,0.3126
전남대학교병원,2024Q4,0.342
전북대학교병원,2024Q1,0.3554
전북대학교병원,2024Q2,0.3974
전북대학교병원,2024Q3,0.3636
전북대학교병원,2024Q4,0.3764
전쟁기념사업회,2024Q1,0.3525
전쟁기념사업회,2024Q2,0.3
전쟁기념사업회,2024Q3,0.3492
전쟁기념사업회,2024Q4,0.2557
정보통신기획평가원,2024Q1,0.4675
정보통신기획평가원,2024Q2,0.4133
정보통신기획평가원,2024Q3,0.4122
정보통신기획평가원,2024Q4,0.4529
정보통신산업진흥원,2024Q1,0.3367
정보통신산업진흥원,2024Q2,0.3362
정보통신산업진흥원,2024Q3,0.3271
정보통신산업진흥원,2024Q4,0.2944
정보통신정책연구원,2024Q1,0.3786
정보통신정책연구원,2024Q2,0.3238
정보통신정책연구원,2024Q3,0.3782
정보통신정책연구원,2024Q4,0.415
정부법무공단,2024Q1,0.355
정부법무공단,2024Q2,0.2425
정부법무공단,2024Q3,0.3862
정부법무공단,2024Q4,0.3638
제주국제자유도시개발센터,2024Q1,0.3385
제주국제자유도시개발센터,2024Q2,0.34
제주국제자유도시개발센터,2024Q3,0.34
제주국제자유도시개발센터,2024Q4,0.32
제주대학교병원,2024Q1,0.353
제주대학교병원,2024Q2,0.33
제주대학교병원,2024Q3,0.2575
제주대학교병원,2024Q4,0.4164
주식회사 에스알,2024Q1,0.32
주식회사 에스알,2024Q2,0.35
주식회사 에스알,2024Q3,0.232
주식회사 에스알,2024Q4,0.4014
주택관리공단(주),2024Q1,0.3275
주택관리공단(주),2024Q2,0.4135
주택관리공단(주),2024Q3,0.3552
주택관리공단(주),2024Q4,0.3361
주택도시보증공사,2024Q1,0.4515
주택도시보증공사,2024Q2,0.3962
주택도시보증공사,2024Q3,0.4583
주택도시보증공사,2024Q4,0.38
중소기업기술정보진흥원,2024Q1,0.4309
중소기업기술정보진흥원,2024Q2,0.5075
중소기업기술정보진흥원,2024Q3,0.4362
중소기업기술정보진흥원,2024Q4,0.3986
중소기업은행,2024Q1,0.3314
중소기업은행,2024Q2,0.3582
중소기업은행,2024Q3,0.3435
중소기업은행,2024Q4,0.348
중소벤처기업연구원,2024Q1,0.4438
중소벤처기업연구원,2024Q2,0.5071
중소벤처기업연구원,2024Q3,0.433
중소벤처기업연구원,2024Q4,0.412
중소벤처기업진흥공단,2024Q1,0.3588
중소벤처기업진흥공단,2024Q2,0.3787
중소벤처기업진흥공단,2024Q3,0.3308
중소벤처기업진흥공단,2024Q4,0.2425
차세대수치예보모델개발사업단,2024Q1,0.4512
차세대수치예보모델개발사업단,2024Q2,0.432
차세대수치예보모델개발사업단,2024Q3,0.4846
차세대수치예보모델개발사업단,2024Q4,0.365
창업진흥원,2024Q1,0.3483
창업진흥원,2024Q2,0.275
창업진흥원,2024Q3,0.3189
창업진흥원,2024Q4,0.42
축산물품질평가원,2024Q1,0.3436
축산물품질평가원,2024Q2,0.326
축산물품질평가원,2024Q3,0.4117
축산물품질평가원,2024Q4,0.3325
충남대학교병원,2024Q1,0.4364
충남대학교병원,2024Q2,0.4429
충남대학교병원,2024Q3,0.4524
충남대학교병원,2024Q4,0.446
충북대학교병원,2024Q1,0.342
충북대학교병원,2024Q2,0.33
충북대학교병원,2024Q3,0.3417
충북대학교병원,2024Q4,0.316
코레일관광개발(주),2024Q1,0.3246
코레일관광개발(주),2024Q2,0.3747
코레일관광개발(주),2024Q3,0.3433
코레일관광개발(주),2024Q4,0.328
코레일네트웍스(주),2024Q1,0.3358
코레일네트웍스(주),2024Q2,0.324
코레일네트웍스(주),2024Q3,0.3184
코레일네트웍스(주),2024Q4,0.3056
코레일로지스(주),2024Q1,0.39
코레일로지스(주),2024Q2,0.2886
코레일로지스(주),2024Q3,0.3625
코레일로지스(주),2024Q4,0.3645
코레일유통(주),2024Q1,0.4622
코레일유통(주),2024Q2,0.3967
코레일유통(주),2024Q3,0.47
코레일유통(주),2024Q4,0.445
코레일테크(주),2024Q1,0.3424
코레일테크(주),2024Q2,0.3687
코레일테크(주),2024Q3,0.3509
코레일테크(주),2024Q4,0.3348
태권도진흥재단,2024Q1,0.345
태권도진흥재단,2024Q2,0.343
태권도진흥재단,2024Q3,0.305
태권도진흥재단,2024Q4,0.3025
통일연구원,2024Q1,0.4614
통일연구원,2024Q2,0.326
통일연구원,2024Q3,0.335
통일연구원,2024Q4,0.3914
학교법인한국폴리텍,2024Q1,0.3238
학교법인한국폴리텍,2024Q2,0.3745
학교법인한국폴리텍,2024Q3,0.3237
학교법인한국폴리텍,2024Q4,0.3452
한국가스공사,2024Q1,0.3159
한국가스공사,2024Q2,0.3337
한국가스공사,2024Q3,0.3494
한국가스공사,2024Q4,0.3314
한국가스안전공사,2024Q1,0.3945
한국가스안전공사,2024Q2,0.4807
한국가스안전공사,2024Q3,0.4682
한국가스안전공사,2024Q4,0.4125
한국개발연구원,2024Q1,0.3278
한국개발연구원,2024Q2,0.2712
한국개발연구원,2024Q3,0.2967
한국개발연구원,2024Q4,0.2971
한국건강가정진흥원,2024Q1,0.3885
한국건강가정진흥원,2024Q2,0.3557
한국건강가정진흥원,2024Q3,0.35
한국건강가정진흥원,2024Q4,0.324
한국건강증진개발원,2024Q1,0.3864
한국건강증진개발원,2024Q2,0.2375
한국건강증진개발원,2024Q3,0.324
한국건강증진개발원,2024Q4,0.318
한국고용노동교육원,2024Q1,0.5422
한국고용노동교육원,2024Q2,0.4512
한국고용노동교육원,2024Q3,0.4075
한국고용노동교육원,2024Q4,0.4067
한국고용정보원,2024Q1,0.3329
한국고용정보원,2024Q2,0.3329
한국고용정보원,2024Q3,0.2814
한국고용정보원,2024Q4,0.3489
한국고전번역원,2024Q1,0.2914
한국고전번역원,2024Q2,0.3755
한국고전번역원,2024Q3,0.3843
한국고전번역원,2024Q4,0.352
한국공예디자인문화진흥원,2024Q1,0.3889
한국공예디자인문화진흥원,2024Q2,0.29
한국공예디자인문화진흥원,2024Q3,0.3283
한국공예디자인문화진흥원,2024Q4,0.3525
한국공정거래조정원,2024Q1,0.47
한국공정거래조정원,2024Q2,0.458
한국공정거래조정원,2024Q3,0.48
한국공정거래조정원,2024Q4,0.4775
한국공항공사,2024Q1,0.346
한국공항공사,2024Q2,0.3429
한국공항공사,2024Q3,0.373
한국공항공사,2024Q4,0.3604
한국과학기술기획평가원,2024Q1,0.2714
한국과학기술기획평가원,2024Q2,0.3562
한국과학기술기획평가원,2024Q3,0.3033
한국과학기술기획평가원,2024Q4,0.3333
한국과학창의재단,2024Q1,0.3511
한국과학창의재단,2024Q2,0.31
한국과학창의재단,2024Q3,0.27
한국과학창의재단,2024Q4,0.4217
한국관광공사,2024Q1,0.3589
한국관광공사,2024Q2,0.3014
한국관광공사,2024Q3,0.2843
한국관광공사,2024Q4,0.3786
한국광해광업공단,2024Q1,0.4538
한국광해광업공단,2024Q2,0.436
한국광해광업공단,2024Q3,0.5017
한국광해광업공단,2024Q4,0.4233
한국교육개발원,2024Q1,0.4314
한국교육개발원,2024Q2,0.43
한국교육개발원,2024Q3,0.406
한국교육개발원,2024Q4,0.4436
한국교육과정평가원,2024Q1,0.556
한국교육과정평가원,2024Q2,0.4522
한국교육과정평가원,2024Q3,0.4362
한국교육과정평가원,2024Q4,0.4812
한국교육학술정보원,2024Q1,0.3575
한국교육학술정보원,2024Q2,0.349
한국교육학술정보원,2024Q3,0.4467
한국교육학술정보원,2024Q4,0.34
한국교통안전공단,2024Q1,0.4586
한국교통안전공단,2024Q2,0.4192
한국교통안전공단,2024Q3,0.5069
한국교통안전공단,2024Q4,0.3913
한국교통연구원,2024Q1,0.2525
한국교통연구원,2024Q2,0.41
한국교통연구원,2024Q3,0.357
한국교통연구원,2024Q4,0.2944
한국국방연구원,2024Q1,0.392
한국국방연구원,2024Q2,0.4886
한국국방연구원,2024Q3,0.4888
한국국방연구원,2024Q4,0.472
한국국제교류재단,2024Q1,0.34
한국국제교류재단,2024Q2,0.2975
한국국제교류재단,2024Q3,0.2864
한국국제교류재단,2024Q4,0.3957
한국국제보건의료재단,2024Q1,0.3612
한국국제보건의료재단,2024Q2,0.2812
한국국제보건의료재단,2024Q3,0.4086
한국국제보건의료재단,2024Q4,0.3614
한국국제협력단,2024Q1,0.3914
한국국제협력단,2024Q2,0.265
한국국제협력단,2024Q3,0.329
한국국제협력단,2024Q4,0.2971
한국국토정보공사,2024Q1,0.4254
한국국토정보공사,2024Q2,0.4667
한국국토정보공사,2024Q3,0.4597
한국국토정보공사,2024Q4,0.4603
한국기상산업기술원,2024Q1,0.423
한국기상산업기술원,2024Q2,0.505
한국기상산업기술원,2024Q3,0.4445
한국기상산업기술원,2024Q4,0.506
한국기술교육대학교,2024Q1,0.31
한국기술교육대학교,2024Q2,0.3386
한국기술교육대학교,2024Q3,0.282
한국기술교육대학교,2024Q4,0.378
한국나노기술원,2024Q1,0.2891
한국나노기술원,2024Q2,0.3325
한국나노기술원,2024Q3,0.3129
한국나노기술원,2024Q4,0.3575
한국남동발전(주),2024Q1,0.3704
한국남동발전(주),2024Q2,0.3089
한국남동발전(주),2024Q3,0.3313
한국남동발전(주),2024Q4,0.3367
한국남부발전(주),2024Q1,0.3437
한국남부발전(주),2024Q2,0.3779
한국남부발전(주),2024Q3,0.4159
한국남부발전(주),2024Q4,0.3958
한국노동연구원,2024Q1,0.4444
한국노동연구원,2024Q2,0.54
한국노동연구원,2024Q3,0.4983
한국노동연구원,2024Q4,0.3957
한국노인인력개발원,2024Q1,0.2882
한국노인인력개발원,2024Q2,0.312
한국노인인력개발원,2024Q3,0.3678
한국노인인력개발원,2024Q4,0.266
한국농수산식품유통공사,2024Q1,0.2886
한국농수산식품유통공사,2024Q2,0.3491
한국농수산식품유통공사,2024Q3,0.3412
한국농수산식품유통공사,2024Q4,0.2175
한국농어촌공사,2024Q1,0.3433
한국농어촌공사,2024Q2,0.3383
한국농어촌공사,2024Q3,0.3652
한국농어촌공사,2024Q4,0.34
한국농업기술진흥원,2024Q1,0.2883
한국농업기술진흥원,2024Q2,0.3812
한국농업기술진흥원,2024Q3,0.3029
한국농업기술진흥원,2024Q4,0.3456
한국농촌경제연구원,2024Q1,0.4171
한국농촌경제연구원,2024Q2,0.4683
한국농촌경제연구원,2024Q3,0.38
한국농촌경제연구원,2024Q4,0.431
한국데이터산업진흥원,2024Q1,0.4029
한국데이터산업진흥원,2024Q2,0.3375
한국데이터산업진흥원,2024Q3,0.374
한국데이터산업진흥원,2024Q4,0.361
한국도로공사,2024Q1,0.3377
한국도로공사,2024Q2,0.3359
한국도로공사,2024Q3,0.3404
한국도로공사,2024Q4,0.3308
한국도로공사서비스(주),2024Q1,0.3249
한국도로공사서비스(주),2024Q2,0.3694
한국도로공사서비스(주),2024Q3,0.3569
한국도로공사서비스(주),2024Q4,0.3524
한국도로교통공단,2024Q1,0.3319
한국도로교통공단,2024Q2,0.3611
한국도로교통공단,2024Q3,0.3317
한국도로교통공단,2024Q4,0.3691
한국도박문제예방치유원,2024Q1,0.5429
한국도박문제예방치유원,2024Q2,0.414
한국도박문제예방치유원,2024Q3,0.4014
한국도박문제예방치유원,2024Q4,0.4709
한국동서발전(주),2024Q1,0.4487
한국동서발전(주),2024Q2,0.4235
한국동서발전(주),2024Q3,0.452
한국동서발전(주),2024Q4,0.4412
한국등산·트레킹지원센터,2024Q1,0.2767
한국등산·트레킹지원센터,2024Q2,0.4475
한국등산·트레킹지원센터,2024Q3,0.3133
한국등산·트레킹지원센터,2024Q4,0.414
한국디자인진흥원,2024Q1,0.3517
한국디자인진흥원,2024Q2,0.3367
한국디자인진흥원,2024Q3,0.3917
한국디자인진흥원,2024Q4,0.3233
한국로봇산업진흥원,2024Q1,0.255
한국로봇산업진흥원,2024Q2,0.4267
한국로봇산업진흥원,2024Q3,0.3533
한국로봇산업진흥원,2024Q4,0.44
한국마사회,2024Q1,0.3729
한국마사회,2024Q2,0.427
한국마사회,2024Q3,0.3481
한국마사회,2024Q4,0.3014
한국마약퇴치운동본부,2024Q1,0.3912
한국마약퇴치운동본부,2024Q2,0.4083
한국마약퇴치운동본부,2024Q3,0.44
한국마약퇴치운동본부,2024Q4,0.5044
한국무역보험공사,2024Q1,0.3783
한국무역보험공사,2024Q2,0.415
한국무역보험공사,2024Q3,0.2892
한국무역보험공사,2024Q4,0.3467
한국문학번역원,2024Q1,0.3311
한국문학번역원,2024Q2,0.3733
한국문학번역원,2024Q3,0.4289
한국문학번역원,2024Q4,0.4433
한국문화관광연구원,2024Q1,0.4867
한국문화관광연구원,2024Q2,0.4567
한국문화관광연구원,2024Q3,0.475
한국문화관광연구원,2024Q4,0.4447
한국문화예술교육진흥원,2024Q1,0.2575
한국문화예술교육진흥원,2024Q2,0.31
한국문화예술교육진흥원,2024Q3,0.2843
한국문화예술교육진흥원,2024Q4,0.358
한국문화예술위원회,2024Q1,0.46
한국문화예술위원회,2024Q2,0.495
한국문화예술위원회,2024Q3,0.45
한국문화예술위원회,2024Q4,0.47
한국문화정보원,2024Q1,0.3071
한국문화정보원,2024Q2,0.2557
한국문화정보원,2024Q3,0.272
한국문화정보원,2024Q4,0.2927
한국문화진흥주식회사,2024Q1,0.3912
한국문화진흥주식회사,2024Q2,0.3067
한국문화진흥주식회사,2024Q3,0.3417
한국문화진흥주식회사,2024Q4,0.351
한국발명진흥회,2024Q1,0.33
한국발명진흥회,2024Q2,0.4125
한국발명진흥회,2024Q3,0.3462
한국발명진흥회,2024Q4,0.3211
한국방송광고진흥공사,2024Q1,0.4214
한국방송광고진흥공사,2024Q2,0.3611
한국방송광고진흥공사,2024Q3,0.325
한국방송광고진흥공사,2024Q4,0.295
한국방송통신전파진흥원,2024Q1,0.3057
한국방송통신전파진흥원,2024Q2,0.3625
한국방송통신전파진흥원,2024Q3,0.4138
한국방송통신전파진흥원,2024Q4,0.2571
한국법무보호복지공단,2024Q1,0.3057
한국법무보호복지공단,2024Q2,0.222
한국법무보호복지공단,2024Q3,0.3017
한국법무보호복지공단,2024Q4,0.27
한국법제연구원,2024Q1,0.3138
한국법제연구원,2024Q2,0.3388
한국법제연구원,2024Q3,0.4529
한국법제연구원,2024Q4,0.2786
한국벤처투자,2024Q1,0.3925
한국벤처투자,2024Q2,0.355
한국벤처투자,2024Q3,0.3369
한국벤처투자,2024Q4,0.3486
한국보건복지인재원,2024Q1,0.3612
한국보건복지인재원,2024Q2,0.3767
한국보건복지인재원,2024Q3,0.3617
한국보건복지인재원,2024Q4,0.2943
한국보건사회연구원,2024Q1,0.3289
한국보건사회연구원,2024Q2,0.385
한국보건사회연구원,2024Q3,0.3056
한국보건사회연구원,2024Q4,0.2833
한국보건산업진흥원,2024Q1,0.4143
한국보건산업진흥원,2024Q2,0.2883
한국보건산업진흥원,2024Q3,0.3956
한국보건산업진흥원,2024Q4,0.3538
한국보건의료연구원,2024Q1,0.4125
한국보건의료연구원,2024Q2,0.3933
한국보건의료연구원,2024Q3,0.41
한국보건의료연구원,2024Q4,0.28
한국보건의료인국가시험원,2024Q1,0.4025
한국보건의료인국가시험원,2024Q2,0.2475
한국보건의료인국가시험원,2024Q3,0.328
한국보건의료인국가시험원,2024Q4,0.3675
한국보육진흥원,2024Q1,0.415
한국보육진흥원,2024Q2,0.43
한국보육진흥원,2024Q3,0.4367
한국보육진흥원,2024Q4,0.461
한국보훈복지의료공단,2024Q1,0.3317
한국보훈복지의료공단,2024Q2,0.3344
한국보훈복지의료공단,2024Q3,0.3615
한국보훈복지의료공단,2024Q4,0.35
한국부동산원,2024Q1,0.3883
한국부동산원,2024Q2,0.3542
한국부동산원,2024Q3,0.4043
한국부동산원,2024Q4,0.313
한국사학진흥재단,2024Q1,0.466
한국사학진흥재단,2024Q2,0.431
한국사학진흥재단,2024Q3,0.4391
한국사학진흥재단,2024Q4,0.4575
한국사회보장정보원,2024Q1,0.3314
한국사회보장정보원,2024Q2,0.3971
한국사회보장정보원,2024Q3,0.37
한국사회보장정보원,2024Q4,0.3433
한국사회복지협의회,2024Q1,0.3218
한국사회복지협의회,2024Q2,0.4575
한국사회복지협의회,2024Q3,0.2971
한국사회복지협의회,2024Q4,0.3
한국사회적기업진흥원,2024Q1,0.338
한국사회적기업진흥원,2024Q2,0.328
한국사회적기업진흥원,2024Q3,0.3875
한국사회적기업진흥원,2024Q4,0.3143
한국산림복지진흥원,2024Q1,0.4108
한국산림복지진흥원,2024Q2,0.3417
한국산림복지진흥원,2024Q3,0.3283
한국산림복지진흥원,2024Q4,0.33
한국산업기술기획평가원,2024Q1,0.2012
한국산업기술기획평가원,2024Q2,0.3583
한국산업기술기획평가원,2024Q3,0.3889
한국산업기술기획평가원,2024Q4,0.3657
한국산업기술시험원,2024Q1,0.3743
한국산업기술시험원,2024Q2,0.25
한국산업기술시험원,2024Q3,0.48
한국산업기술시험원,2024Q4,0.37
한국산업기술진흥원,2024Q1,0.3343
한국산업기술진흥원,2024Q2,0.3327
한국산업기술진흥원,2024Q3,0.3267
한국산업기술진흥원,2024Q4,0.3683
한국산업단지공단,2024Q1,0.355
한국산업단지공단,2024Q2,0.4286
한국산업단지공단,2024Q3,0.2727
한국산업단지공단,2024Q4,0.3233
한국산업안전보건공단,2024Q1,0.2939
한국산업안전보건공단,2024Q2,0.3584
한국산업안전보건공단,2024Q3,0.34
한국산업안전보건공단,2024Q4,0.3314
한국산업은행,2024Q1,0.3414
한국산업은행,2024Q2,0.3326
한국산업은행,2024Q3,0.3452
한국산업은행,2024Q4,0.3647
한국산업인력공단,2024Q1,0.3912
한국산업인력공단,2024Q2,0.3114
한국산업인력공단,2024Q3,0.2683
한국산업인력공단,2024Q4,0.3445
한국상하수도협회,2024Q1,0.3371
한국상하수도협회,2024Q2,0.3375
한국상하수도협회,2024Q3,0.384
한국상하수도협회,2024Q4,0.33
한국생명존중희망재단,2024Q1,0.365
한국생명존중희망재단,2024Q2,0.3586
한국생명존중희망재단,2024Q3,0.2475
한국생명존중희망재단,2024Q4,0.3446
한국서부발전(주),2024Q1,0.3795
한국서부발전(주),2024Q2,0.3389
한국서부발전(주),2024Q3,0.358
한국서부발전(주),2024Q4,0.2804
한국석유공사,2024Q1,0.2589
한국석유공사,2024Q2,0.3333
한국석유공사,2024Q3,0.3433
한국석유공사,2024Q4,0.3231
한국석유관리원,2024Q1,0.3418
한국석유관리원,2024Q2,0.352
한국석유관리원,2024Q3,0.4475
한국석유관리원,2024Q4,0.414
한국세라믹기술원,2024Q1,0.32
한국세라믹기술원,2024Q2,0.3429
한국세라믹기술원,2024Q3,0.3738
한국세라믹기술원,2024Q4,0.3678
한국소방산업기술원,2024Q1,0.35
한국소방산업기술원,2024Q2,0.3943
한국소방산업기술원,2024Q3,0.3136
한국소방산업기술원,2024Q4,0.3414
한국소비자원,2024Q1,0.3388
한국소비자원,2024Q2,0.39
한국소비자원,2024Q3,0.3275
한국소비자원,2024Q4,0.2715
한국수력원자력(주),2024Q1,0.4492
한국수력원자력(주),2024Q2,0.4477
한국수력원자력(주),2024Q3,0.4659
한국수력원자력(주),2024Q4,0.4676
한국수목원정원관리원,2024Q1,0.4522
한국수목원정원관리원,2024Q2,0.4767
한국수목원정원관리원,2024Q3,0.3633
한국수목원정원관리원,2024Q4,0.46
한국수산자원공단,2024Q1,0.4162
한국수산자원공단,2024Q2,0.3514
한국수산자원공단,2024Q3,0.3143
한국수산자원공단,2024Q4,0.285
한국수자원공사,2024Q1,0.3638
한국수자원공사,2024Q2,0.3452
한국수자원공사,2024Q3,0.3024
한국수자원공사,2024Q4,0.3311
한국수자원조사기술원,2024Q1,0.422
한국수자원조사기술원,2024Q2,0.4614
한국수자원조사기술원,2024Q3,0.418
한국수자원조사기술원,2024Q4,0.45
한국수출입은행,2024Q1,0.4236
한국수출입은행,2024Q2,0.488
한국수출입은행,2024Q3,0.493
한국수출입은행,2024Q4,0.423
한국승강기안전공단,2024Q1,0.3878
한국승강기안전공단,2024Q2,0.334
한국승강기안전공단,2024Q3,0.3622
한국승강기안전공단,2024Q4,0.3908
한국식품산업클러스터진흥원,2024Q1,0.348
한국식품산업클러스터진흥원,2024Q2,0.3338
한국식품산업클러스터진흥원,2024Q3,0.3956
한국식품산업클러스터진흥원,2024Q4,0.2513
한국식품안전관리인증원,2024Q1,0.42
한국식품안전관리인증원,2024Q2,0.2433
한국식품안전관리인증원,2024Q3,0.4
한국식품안전관리인증원,2024Q4,0.303
한국양성평등교육진흥원,2024Q1,0.3042
한국양성평등교육진흥원,2024Q2,0.4022
한국양성평등교육진흥원,2024Q3,0.315
한국양성평등교육진흥원,2024Q4,0.4067
한국어촌어항공단,2024Q1,0.3322
한국어촌어항공단,2024Q2,0.4583
한국어촌어항공단,2024Q3,0.278
한국어촌어항공단,2024Q4,0.386
한국언론진흥재단,2024Q1,0.3417
한국언론진흥재단,2024Q2,0.4567
한국언론진흥재단,2024Q3,0.324
한국언론진흥재단,2024Q4,0.3488
한국에너지공단,2024Q1,0.395
한국에너지공단,2024Q2,0.5025
한국에너지공단,2024Q3,0.4425
한국에너지공단,2024Q4,0.47
한국에너지기술평가원,2024Q1,0.3886
한국에너지기술평가원,2024Q2,0.2767
한국에너지기술평가원,2024Q3,0.366
한국에너지기술평가원,2024Q4,0.355
한국에너지정보문화재단,2024Q1,0.3475
한국에너지정보문화재단,2024Q2,0.332
한국에너지정보문화재단,2024Q3,0.3633
한국에너지정보문화재단,2024Q4,0.3
한국여성과학기술인육성재단,2024Q1,0.3729
한국여성과학기술인육성재단,2024Q2,0.3286
한국여성과학기술인육성재단,2024Q3,0.315
한국여성과학기술인육성재단,2024Q4,0.3462
한국여성인권진흥원,2024Q1,0.407
한국여성인권진흥원,2024Q2,0.422
한국여성인권진흥원,2024Q3,0.4117
한국여성인권진흥원,2024Q4,0.3833
한국여성정책연구원,2024Q1,0.335
한국여성정책연구원,2024Q2,0.3213
한국여성정책연구원,2024Q3,0.3244
한국여성정책연구원,2024Q4,0.2629
한국연구재단,2024Q1,0.3233
한국연구재단,2024Q2,0.3117
한국연구재단,2024Q3,0.395
한국연구재단,2024Q4,0.2775
한국영상자료원,2024Q1,0.3683
한국영상자료원,2024Q2,0.37
한국영상자료원,2024Q3,0.3717
한국영상자료원,2024Q4,0.4083
한국예술인복지재단,2024Q1,0.43
한국예술인복지재단,2024Q2,0.3667
한국예술인복지재단,2024Q3,0.37
한국예술인복지재단,2024Q4,0.352
한국원산지정보원,2024Q1,0.325
한국원산지정보원,2024Q2,0.3233
한국원산지정보원,2024Q3,0.3744
한국원산지정보원,2024Q4,0.4257
한국원자력안전기술원,2024Q1,0.33
한국원자력안전기술원,2024Q2,0.292
한국원자력안전기술원,2024Q3,0.3288
한국원자력안전기술원,2024Q4,0.295
한국원자력안전재단,2024Q1,0.3971
한국원자력안전재단,2024Q2,0.53
한국원자력안전재단,2024Q3,0.4825
한국원자력안전재단,2024Q4,0.4243
한국원자력의학원,2024Q1,0.3883
한국원자력의학원,2024Q2,0.43
한국원자력의학원,2024Q3,0.2743
한국원자력의학원,2024Q4,0.33
한국원자력통제기술원,2024Q1,0.5275
한국원자력통제기술원,2024Q2,0.4336
한국원자력통제기술원,2024Q3,0.4357
한국원자력통제기술원,2024Q4,0.3525
한국원자력환경공단,2024Q1,0.38
한국원자력환경공단,2024Q2,0.312
한국원자력환경공단,2024Q3,0.3443
한국원자력환경공단,2024Q4,0.445
한국의료기기안전정보원,2024Q1,0.2938
한국의료기기안전정보원,2024Q2,0.2967
한국의료기기안전정보원,2024Q3,0.29
한국의료기기안전정보원,2024Q4,0.3983
한국의료분쟁조정중재원,2024Q1,0.3517
한국의료분쟁조정중재원,2024Q2,0.3767
한국의료분쟁조정중재원,2024Q3,0.345
한국의료분쟁조정중재원,2024Q4,0.363
한국의약품안전관리원,2024Q1,0.3638
한국의약품안전관리원,2024Q2,0.367
한국의약품안전관리원,2024Q3,0.34
한국의약품안전관리원,2024Q4,0.3425
한국인터넷진흥원,2024Q1,0.3578
한국인터넷진흥원,2024Q2,0.338
한국인터넷진흥원,2024Q3,0.36
한국인터넷진흥원,2024Q4,0.32
한국임업진흥원,2024Q1,0.28
한국임업진흥원,2024Q2,0.2775
한국임업진흥원,2024Q3,0.3429
한국임업진흥원,2024Q4,0.3191
한국자산관리공사,2024Q1,0.3991
한국자산관리공사,2024Q2,0.4368
한국자산관리공사,2024Q3,0.4793
한국자산관리공사,2024Q4,0.436
한국잡월드,2024Q1,0.4462
한국잡월드,2024Q2,0.4612
한국잡월드,2024Q3,0.4371
한국잡월드,2024Q4,0.5343
한국장애인개발원,2024Q1,0.4186
한국장애인개발원,2024Q2,0.3625
한국장애인개발원,2024Q3,0.3211
한국장애인개발원,2024Q4,0.2583
한국장애인고용공단,2024Q1,0.42
한국장애인고용공단,2024Q2,0.367
한국장애인고용공단,2024Q3,0.3131
한국장애인고용공단,2024Q4,0.358
한국장학재단,2024Q1,0.4129
한국장학재단,2024Q2,0.4486
한국장학재단,2024Q3,0.4688
한국장학재단,2024Q4,0.4062
한국재정정보원,2024Q1,0.3938
한국재정정보원,2024Q2,0.3444
한국재정정보원,2024Q3,0.366
한국재정정보원,2024Q4,0.335
한국저작권보호원,2024Q1,0.35
한국저작권보호원,2024Q2,0.4357
한국저작권보호원,2024Q3,0.2667
한국저작권보호원,2024Q4,0.3017
한국저작권위원회,2024Q1,0.3817
한국저작권위원회,2024Q2,0.285
한국저작권위원회,2024Q3,0.3392
한국저작권위원회,2024Q4,0.35
한국전기안전공사,2024Q1,0.3496
한국전기안전공사,2024Q2,0.3162
한국전기안전공사,2024Q3,0.3321
한국전기안전공사,2024Q4,0.3477
한국전력거래소,2024Q1,0.535
한국전력거래소,2024Q2,0.37
한국전력거래소,2024Q3,0.4833
한국전력거래소,2024Q4,0.465
한국전력공사,2024Q1,0.3457
한국전력공사,2024Q2,0.3514
한국전력공사,2024Q3,0.3319
한국전력공사,2024Q4,0.3311
한국전력국제원자력대학원대학교,2024Q1,0.335
한국전력국제원자력대학원대학교,2024Q2,0.2986
한국전력국제원자력대학원대학교,2024Q3,0.3133
한국전력국제원자력대학원대학교,2024Q4,0.3269
한국전력기술주식회사,2024Q1,0.41
한국전력기술주식회사,2024Q2,0.4633
한국전력기술주식회사,2024Q3,0.4789
한국전력기술주식회사,2024Q4,0.4873
한국제품안전관리원,2024Q1,0.334
한국제품안전관리원,2024Q2,0.3817
한국제품안전관리원,2024Q3,0.3318
한국제품안전관리원,2024Q4,0.43
한국조세재정연구원,2024Q1,0.2862
한국조세재정연구원,2024Q2,0.3586
한국조세재정연구원,2024Q3,0.398
한국조세재정연구원,2024Q4,0.445
한국조폐공사,2024Q1,0.3192
한국조폐공사,2024Q2,0.396
한국조폐공사,2024Q3,0.3133
한국조폐공사,2024Q4,0.3636
한국주택금융공사,2024Q1,0.3608
한국주택금융공사,2024Q2,0.38
한국주택금융공사,2024Q3,0.24
한국주택금융공사,2024Q4,0.31
한국중부발전(주),2024Q1,0.3192
한국중부발전(주),2024Q2,0.3365
한국중부발전(주),2024Q3,0.3168
한국중부발전(주),2024Q4,0.3235
한국중소벤처기업유통원,2024Q1,0.3883
한국중소벤처기업유통원,2024Q2,0.33
한국중소벤처기업유통원,2024Q3,0.3517
한국중소벤처기업유통원,2024Q4,0.329
한국지능정보사회진흥원,2024Q1,0.45
한국지능정보사회진흥원,2024Q2,0.4978
한국지능정보사회진흥원,2024Q3,0.4217
한국지능정보사회진흥원,2024Q4,0.472
한국지식재산보호원,2024Q1,0.37
한국지식재산보호원,2024Q2,0.2733
한국지식재산보호원,2024Q3,0.295
한국지식재산보호원,2024Q4,0.3255
한국지식재산연구원,2024Q1,0.4743
한국지식재산연구원,2024Q2,0.51
한국지식재산연구원,2024Q3,0.4457
한국지식재산연구원,2024Q4,0.4483
한국지역난방공사,2024Q1,0.4175
한국지역난방공사,2024Q2,0.3364
한국지역난방공사,2024Q3,0.3612
한국지역난방공사,2024Q4,0.3738
한국직업능력연구원,2024Q1,0.4162
한국직업능력연구원,2024Q2,0.3412
한국직업능력연구원,2024Q3,0.2743
한국직업능력연구원,2024Q4,0.3071
한국철도공사,2024Q1,0.3572
한국철도공사,2024Q2,0.322
한국철도공사,2024Q3,0.3286
한국철도공사,2024Q4,0.3332
한국청소년상담복지개발원,2024Q1,0.44
한국청소년상담복지개발원,2024Q2,0.4614
한국청소년상담복지개발원,2024Q3,0.5433
한국청소년상담복지개발원,2024Q4,0.4522
한국청소년정책연구원,2024Q1,0.4067
한국청소년정책연구원,2024Q2,0.4333
한국청소년정책연구원,2024Q3,0.5245
한국청소년정책연구원,2024Q4,0.4571
한국청소년활동진흥원,2024Q1,0.222
한국청소년활동진흥원,2024Q2,0.326
한국청소년활동진흥원,2024Q3,0.365
한국청소년활동진흥원,2024Q4,0.364
한국체육산업개발(주),2024Q1,0.3677
한국체육산업개발(주),2024Q2,0.3722
한국체육산업개발(주),2024Q3,0.315
한국체육산업개발(주),2024Q4,0.3322
한국출판문화산업진흥원,2024Q1,0.4383
한국출판문화산업진흥원,2024Q2,0.5244
한국출판문화산업진흥원,2024Q3,0.4229
한국출판문화산업진흥원,2024Q4,0.4775
한국치산기술협회,2024Q1,0.322
한국치산기술협회,2024Q2,0.3538
한국치산기술협회,2024Q3,0.3338
한국치산기술협회,2024Q4,0.3822
한국콘텐츠진흥원,2024Q1,0.35
한국콘텐츠진흥원,2024Q2,0.3443
한국콘텐츠진흥원,2024Q3,0.2689
한국콘텐츠진흥원,2024Q4,0.3312
한국탄소산업진흥원,2024Q1,0.44
한국탄소산업진흥원,2024Q2,0.3971
한국탄소산업진흥원,2024Q3,0.4962
한국탄소산업진흥원,2024Q4,0.4667
한국토지주택공사,2024Q1,0.3611
한국토지주택공사,2024Q2,0.3053
한국토지주택공사,2024Q3,0.3501
한국토지주택공사,2024Q4,0.3402
한국투자공사,2024Q1,0.3145
한국투자공사,2024Q2,0.2929
한국투자공사,2024Q3,0.3333
한국투자공사,2024Q4,0.2267
한국특허기술진흥원,2024Q1,0.3657
한국특허기술진흥원,2024Q2,0.4125
한국특허기술진흥원,2024Q3,0.3445
한국특허기술진흥원,2024Q4,0.3875
한국특허전략개발원,2024Q1,0.4771
한국특허전략개발원,2024Q2,0.425
한국특허전략개발원,2024Q3,0.465
한국특허전략개발원,2024Q4,0.4483
한국특허정보원,2024Q1,0.41
한국특허정보원,2024Q2,0.3786
한국특허정보원,2024Q3,0.5586
한국특허정보원,2024Q4,0.435
한국학중앙연구원,2024Q1,0.3338
한국학중앙연구원,2024Q2,0.435
한국학중앙연구원,2024Q3,0.3514
한국학중앙연구원,2024Q4,0.3938
한국한의약진흥원,2024Q1,0.3933
한국한의약진흥원,2024Q2,0.36
한국한의약진흥원,2024Q3,0.35
한국한의약진흥원,2024Q4,0.3285
한국항로표지기술원,2024Q1,0.33
한국항로표지기술원,2024Q2,0.28
한국항로표지기술원,2024Q3,0.235
한국항로표지기술원,2024Q4,0.365
한국해양교통안전공단,2024Q1,0.3943
한국해양교통안전공단,2024Q2,0.3418
한국해양교통안전공단,2024Q3,0.2689
한국해양교통안전공단,2024Q4,0.3667
한국해양수산개발원,2024Q1,0.3043
한국해양수산개발원,2024Q2,0.3114
한국해양수산개발원,2024Q3,0.362
한국해양수산개발원,2024Q4,0.325
한국해양수산연수원,2024Q1,0.3263
한국해양수산연수원,2024Q2,0.307
한국해양수산연수원,2024Q3,0.426
한국해양수산연수원,2024Q4,0.3686
한국해양조사협회,2024Q1,0.2333
한국해양조사협회,2024Q2,0.4225
한국해양조사협회,2024Q3,0.2467
한국해양조사협회,2024Q4,0.29
한국해양진흥공사,2024Q1,0.3622
한국해양진흥공사,2024Q2,0.2
한국해양진흥공사,2024Q3,0.3425
한국해양진흥공사,2024Q4,0.3875
한국해외인프라도시개발지원공사,2024Q1,0.3083
한국해외인프라도시개발지원공사,2024Q2,0.2914
한국해외인프라도시개발지원공사,2024Q3,0.333
한국해외인프라도시개발지원공사,2024Q4,0.29
한국행정연구원,2024Q1,0.344
한국행정연구원,2024Q2,0.28
한국행정연구원,2024Q3,0.3367
한국행정연구원,2024Q4,0.334
한국형사·법무정책연구원,2024Q1,0.3213
한국형사·법무정책연구원,2024Q2,0.31
한국형사·법무정책연구원,2024Q3,0.36
한국형사·법무정책연구원,2024Q4,0.4012
한국환경공단,2024Q1,0.4348
한국환경공단,2024Q2,0.47
한국환경공단,2024Q3,0.4603
한국환경공단,2024Q4,0.497
한국환경보전원,2024Q1,0.3825
한국환경보전원,2024Q2,0.2914
한국환경보전원,2024Q3,0.3033
한국환경보전원,2024Q4,0.3778
한국환경산업기술원,2024Q1,0.31
한국환경산업기술원,2024Q2,0.3883
한국환경산업기술원,2024Q3,0.3958
한국환경산업기술원,2024Q4,0.3175
한국환경연구원,2024Q1,0.4643
한국환경연구원,2024Q2,0.4433
한국환경연구원,2024Q3,0.42
한국환경연구원,2024Q4,0.42
한식진흥원,2024Q1,0.27
한식진흥원,2024Q2,0.3555
한식진흥원,2024Q3,0.385
한식진흥원,2024Q4,0.335
한전KDN,2024Q1,0.321
한전KDN,2024Q2,0.31
한전KDN,2024Q3,0.3526
한전KDN,2024Q4,0.3537
한전KPS(주),2024Q1,0.338
한전KPS(주),2024Q2,0.3513
한전KPS(주),2024Q3,0.3549
한전KPS(주),2024Q4,0.3289
한전MCS(주),2024Q1,0.3208
한전MCS(주),2024Q2,0.3461
한전MCS(주),2024Q3,0.3417
한전MCS(주),2024Q4,0.3569
한전원자력연료주식회사,2024Q1,0.47
한전원자력연료주식회사,2024Q2,0.4075
한전원자력연료주식회사,2024Q3,0.4175
한전원자력연료주식회사,2024Q4,0.4562
항공안전기술원,2024Q1,0.4275
항공안전기술원,2024Q2,0.37
항공안전기술원,2024Q3,0.355
항공안전기술원,2024Q4,0.3786
해양수산과학기술진흥원,2024Q1,0.43
해양수산과학기술진흥원,2024Q2,0.5
해양수산과학기술진흥원,2024Q3,0.4225
해양수산과학기술진흥원,2024Q4,0.455
해양환경공단,2024Q1,0.4325
해양환경공단,2024Q2,0.5117
해양환경공단,2024Q3,0.37
해양환경공단,2024Q4,0.4267
